class,precision,recall,f1,support
book,0.9642857142857143,0.7941176470588235,0.8709677419354839,34
bottle,0.9622641509433962,0.9807692307692307,0.9714285714285714,52
chair,0.9642857142857143,1.0,0.9818181818181818,27
cup,1.0,1.0,1.0,61
laptop,0.8823529411764706,1.0,0.9375,30
