class,precision,recall,f1,support
book,1.0,0.08823529411764706,0.16216216216216217,34
bottle,0.575,0.8846153846153846,0.696969696969697,52
chair,0.9565217391304348,0.8148148148148148,0.88,27
cup,0.9767441860465116,0.6885245901639344,0.8076923076923077,61
laptop,0.9629629629629629,0.8666666666666667,0.9122807017543859,30
